-- INSERT AIRPORT --

insert into `airport` (id, name, street, city, state, country, postal_code) values (1, 'Vincenty', 'Popland', 'Haoxin', null, 'China', null);
insert into `airport` (id, name, street, city, state, country, postal_code) values (2, 'Devina', 'McCall', 'Ternopil’', null, 'Ukraine', null);
insert into `airport` (id, name, street, city, state, country, postal_code) values (3, 'Jayne', 'Merry', 'Singaraja', null, 'Indonesia', null);
insert into `airport` (id, name, street, city, state, country, postal_code) values (4, 'Tammie', 'McLardie', 'Dacun', null, 'China', null);
insert into `airport` (id, name, street, city, state, country, postal_code) values (5, 'Marguerite', 'Snap', 'Zhangcunping', null, 'China', null);
insert into `airport` (id, name, street, city, state, country, postal_code) values (6, 'Jayne', 'Davidowsky', 'Jiuhua', null, 'China', null);
insert into `airport` (id, name, street, city, state, country, postal_code) values (7, 'Ariel', 'Antony', 'Kukurečani', null, 'Macedonia', '7241');
insert into `airport` (id, name, street, city, state, country, postal_code) values (8, 'Dudley', 'Leadbitter', 'Chengkan', null, 'China', null);
insert into `airport` (id, name, street, city, state, country, postal_code) values (9, 'Susanne', 'Muneely', 'L''Assomption', 'Québec', 'Canada', 'J5W');
insert into `airport` (id, name, street, city, state, country, postal_code) values (10, 'Brittani', 'Wapple', 'Thị Trấn Yên Thế', null, 'Vietnam', null);
insert into `airport` (id, name, street, city, state, country, postal_code) values (11, 'Rachele', 'Treend', 'Wola Filipowska', null, 'Poland', '32-067');
insert into `airport` (id, name, street, city, state, country, postal_code) values (12, 'Ilyse', 'Dumphy', 'Pensacola', 'Florida', 'United States', '32575');
insert into `airport` (id, name, street, city, state, country, postal_code) values (13, 'Ollie', 'Flade', 'Setonokalong', null, 'Indonesia', null);
insert into `airport` (id, name, street, city, state, country, postal_code) values (14, 'Augusto', 'Lonsbrough', 'Huaping', null, 'China', null);
insert into `airport` (id, name, street, city, state, country, postal_code) values (15, 'Valeda', 'Lago', 'Tanahwangko', null, 'Indonesia', null);
insert into `airport` (id, name, street, city, state, country, postal_code) values (16, 'Janos', 'Playle', 'Wonosari', null, 'Indonesia', null);
insert into `airport` (id, name, street, city, state, country, postal_code) values (17, 'Emily', 'Kennon', 'Västerås', 'Västmanland', 'Sweden', '721 85');
insert into `airport` (id, name, street, city, state, country, postal_code) values (18, 'Stacee', 'Buckney', 'Muaralembu', null, 'Indonesia', null);
insert into `airport` (id, name, street, city, state, country, postal_code) values (19, 'Ashlee', 'MacRury', 'Ciparakan', null, 'Indonesia', null);
insert into `airport` (id, name, street, city, state, country, postal_code) values (20, 'Anderson', 'Deverale', 'Cicapar', null, 'Indonesia', null);
insert into `airport` (id, name, street, city, state, country, postal_code) values (21, 'Billy', 'Cornels', 'Périgny', 'Poitou-Charentes', 'France', '17189 CEDEX');
insert into `airport` (id, name, street, city, state, country, postal_code) values (22, 'Clay', 'Leband', 'Las Flores', 'Veracruz Llave', 'Mexico', '95096');
insert into `airport` (id, name, street, city, state, country, postal_code) values (23, 'Ebba', 'Petersen', 'West Kelowna', 'British Columbia', 'Canada', 'V1Z');
insert into `airport` (id, name, street, city, state, country, postal_code) values (24, 'Ambrose', 'Daltrey', 'Cabrela', 'Évora', 'Portugal', '7050-405');
insert into `airport` (id, name, street, city, state, country, postal_code) values (25, 'Alessandro', 'Northover', 'Padangbai', null, 'Indonesia', null);
insert into `airport` (id, name, street, city, state, country, postal_code) values (26, 'Bettine', 'Scramage', 'Bobigny', 'Île-de-France', 'France', '93737 CEDEX 9');
insert into `airport` (id, name, street, city, state, country, postal_code) values (27, 'Almeda', 'Kelberer', 'Anse à Galets', null, 'Haiti', null);
insert into `airport` (id, name, street, city, state, country, postal_code) values (28, 'Andriana', 'Saddleton', 'Dundrum', null, 'Ireland', 'D6W');
insert into `airport` (id, name, street, city, state, country, postal_code) values (29, 'Barris', 'Cowherd', 'Sanjinquan', null, 'China', null);
insert into `airport` (id, name, street, city, state, country, postal_code) values (30, 'Leoine', 'Kemson', 'Inuotose', null, 'Japan', '270-1108');

-- INSERT FLIGHT --
insert into `flight` (id, dest, origin, capacity, price, arrival_date, departure_date) values (1, 13, 24, 49, 63, '2019-04-06 20:55:05', '2019-11-06 09:48:24');
insert into `flight` (id, dest, origin, capacity, price, arrival_date, departure_date) values (2, 3, 20, 37, 62, '2019-04-12 15:23:48', '2019-02-23 13:30:17');
insert into `flight` (id, dest, origin, capacity, price, arrival_date, departure_date) values (3, 10, 17, 44, 16, '2019-07-23 00:42:38', '2019-08-05 15:56:18');
insert into `flight` (id, dest, origin, capacity, price, arrival_date, departure_date) values (4, 9, 23, 50, 86, '2019-04-23 11:31:52', '2019-05-23 01:07:09');
insert into `flight` (id, dest, origin, capacity, price, arrival_date, departure_date) values (5, 15, 30, 35, 17, '2019-12-16 18:35:46', '2020-02-09 09:12:50');
insert into `flight` (id, dest, origin, capacity, price, arrival_date, departure_date) values (6, 4, 29, 46, 95, '2020-01-27 10:04:02', '2019-05-25 03:31:15');
insert into `flight` (id, dest, origin, capacity, price, arrival_date, departure_date) values (7, 1, 20, 47, 69, '2019-10-10 08:57:13', '2019-09-12 13:32:16');
insert into `flight` (id, dest, origin, capacity, price, arrival_date, departure_date) values (8, 15, 16, 35, 44, '2019-09-10 22:59:02', '2019-12-29 17:26:04');
insert into `flight` (id, dest, origin, capacity, price, arrival_date, departure_date) values (9, 7, 25, 42, 71, '2019-10-01 22:11:49', '2019-11-30 21:10:23');
insert into `flight` (id, dest, origin, capacity, price, arrival_date, departure_date) values (10, 6, 22, 43, 42, '2020-01-29 22:04:38', '2019-07-18 12:06:51');
insert into `flight` (id, dest, origin, capacity, price, arrival_date, departure_date) values (11, 10, 25, 44, 44, '2019-10-23 18:18:11', '2019-06-10 23:54:07');
insert into `flight` (id, dest, origin, capacity, price, arrival_date, departure_date) values (12, 11, 20, 47, 2, '2019-08-29 21:00:09', '2019-04-26 06:05:21');
insert into `flight` (id, dest, origin, capacity, price, arrival_date, departure_date) values (13, 15, 17, 41, 80, '2019-07-15 01:45:39', '2019-09-08 01:10:32');
insert into `flight` (id, dest, origin, capacity, price, arrival_date, departure_date) values (14, 15, 28, 46, 80, '2019-12-15 22:28:19', '2019-08-18 05:53:28');
insert into `flight` (id, dest, origin, capacity, price, arrival_date, departure_date) values (15, 10, 29, 37, 38, '2019-11-11 18:01:22', '2020-02-01 10:09:14');
insert into `flight` (id, dest, origin, capacity, price, arrival_date, departure_date) values (16, 15, 25, 32, 94, '2019-04-12 10:16:45', '2019-09-02 04:20:19');
insert into `flight` (id, dest, origin, capacity, price, arrival_date, departure_date) values (17, 7, 23, 50, 38, '2019-08-28 16:00:34', '2019-03-23 05:29:36');
insert into `flight` (id, dest, origin, capacity, price, arrival_date, departure_date) values (18, 9, 25, 30, 74, '2019-04-10 13:42:45', '2019-08-05 00:19:09');
insert into `flight` (id, dest, origin, capacity, price, arrival_date, departure_date) values (19, 4, 20, 35, 98, '2020-01-30 04:02:53', '2019-10-03 15:43:12');
insert into `flight` (id, dest, origin, capacity, price, arrival_date, departure_date) values (20, 7, 21, 42, 60, '2019-12-13 12:46:42', '2019-07-19 21:39:45');
insert into `flight` (id, dest, origin, capacity, price, arrival_date, departure_date) values (21, 4, 19, 49, 6, '2019-06-09 11:22:27', '2019-06-30 00:55:38');
insert into `flight` (id, dest, origin, capacity, price, arrival_date, departure_date) values (22, 11, 25, 44, 56, '2019-10-21 07:20:42', '2019-11-26 17:01:17');
insert into `flight` (id, dest, origin, capacity, price, arrival_date, departure_date) values (23, 2, 17, 34, 79, '2019-07-22 02:42:59', '2019-10-29 18:13:33');
insert into `flight` (id, dest, origin, capacity, price, arrival_date, departure_date) values (24, 6, 19, 49, 51, '2019-07-30 10:26:14', '2019-09-24 02:55:55');
insert into `flight` (id, dest, origin, capacity, price, arrival_date, departure_date) values (25, 14, 16, 36, 2, '2019-10-03 12:57:23', '2019-10-07 13:28:48');
insert into `flight` (id, dest, origin, capacity, price, arrival_date, departure_date) values (26, 10, 27, 38, 81, '2019-08-14 03:06:02', '2019-12-14 23:22:24');
insert into `flight` (id, dest, origin, capacity, price, arrival_date, departure_date) values (27, 9, 17, 47, 48, '2019-08-20 15:35:25', '2019-11-13 09:42:39');
insert into `flight` (id, dest, origin, capacity, price, arrival_date, departure_date) values (28, 2, 21, 30, 83, '2019-05-11 18:42:30', '2019-08-18 20:15:38');
insert into `flight` (id, dest, origin, capacity, price, arrival_date, departure_date) values (29, 3, 23, 44, 12, '2019-11-21 09:17:36', '2019-05-19 08:38:36');
insert into `flight` (id, dest, origin, capacity, price, arrival_date, departure_date) values (30, 6, 19, 35, 96, '2019-08-23 17:03:22', '2019-12-16 18:54:22');

-- INSERT TRAVELER --
insert into `traveler` (id, first_name, last_name, dob, phone, email, street, country, state, city, postal_code) values (1, 'Cyndie', 'Nettleship', '2019-07-07', '602-138-8325', 'cnettleship0@ifeng.com', '23 Loeprich Hill', 'United States', 'Arizona', 'Phoenix', '85083');
insert into `traveler` (id, first_name, last_name, dob, phone, email, street, country, state, city, postal_code) values (2, 'Ezmeralda', 'Venning', '2019-06-26', '806-273-2378', 'evenning1@abc.net.au', '1440 Ridge Oak Drive', 'United States', 'Texas', 'Lubbock', '79410');
insert into `traveler` (id, first_name, last_name, dob, phone, email, street, country, state, city, postal_code) values (3, 'Genvieve', 'Mowsley', '2019-06-06', '772-720-1330', 'gmowsley2@techcrunch.com', '2 South Alley', 'United States', 'Florida', 'Vero Beach', '32969');
insert into `traveler` (id, first_name, last_name, dob, phone, email, street, country, state, city, postal_code) values (4, 'Iago', 'O'' Liddy', '2019-07-11', '330-172-0630', 'ioliddy3@mapquest.com', '8352 Ramsey Terrace', 'United States', 'Ohio', 'Youngstown', '44555');
insert into `traveler` (id, first_name, last_name, dob, phone, email, street, country, state, city, postal_code) values (5, 'Leslie', 'Erricker', '2019-05-17', '720-904-2561', 'lerricker4@fema.gov', '151 Norway Maple Street', 'United States', 'Colorado', 'Aurora', '80015');
insert into `traveler` (id, first_name, last_name, dob, phone, email, street, country, state, city, postal_code) values (6, 'Hortensia', 'Boow', '2019-09-20', '973-872-1077', 'hboow5@spiegel.de', '09 Haas Terrace', 'United States', 'New Jersey', 'Newark', '07104');
insert into `traveler` (id, first_name, last_name, dob, phone, email, street, country, state, city, postal_code) values (7, 'Skippy', 'Jasper', '2019-03-29', '479-156-1223', 'sjasper6@hhs.gov', '1212 Eggendart Drive', 'United States', 'Arkansas', 'Fort Smith', '72905');
insert into `traveler` (id, first_name, last_name, dob, phone, email, street, country, state, city, postal_code) values (8, 'Hilario', 'Flanders', '2019-08-30', '804-679-9006', 'hflanders7@elpais.com', '99812 Kings Circle', 'United States', 'Virginia', 'Richmond', '23228');
insert into `traveler` (id, first_name, last_name, dob, phone, email, street, country, state, city, postal_code) values (9, 'Lindi', 'Charlton', '2019-07-27', '515-538-0720', 'lcharlton8@princeton.edu', '81794 Gerald Point', 'United States', 'Iowa', 'Des Moines', '50320');
insert into `traveler` (id, first_name, last_name, dob, phone, email, street, country, state, city, postal_code) values (10, 'Rene', 'Nassey', '2019-08-06', '954-287-0221', 'rnassey9@example.com', '8208 Mosinee Park', 'United States', 'Florida', 'Hollywood', '33023');
insert into `traveler` (id, first_name, last_name, dob, phone, email, street, country, state, city, postal_code) values (11, 'Lura', 'Maberley', '2019-12-07', '504-159-2340', 'lmaberleya@google.nl', '6 Thierer Center', 'United States', 'Louisiana', 'Metairie', '70033');
insert into `traveler` (id, first_name, last_name, dob, phone, email, street, country, state, city, postal_code) values (12, 'Rafaela', 'Gaynesford', '2019-08-22', '314-701-1027', 'rgaynesfordb@loc.gov', '74 Grover Circle', 'United States', 'Missouri', 'Saint Louis', '63121');
insert into `traveler` (id, first_name, last_name, dob, phone, email, street, country, state, city, postal_code) values (13, 'Arlin', 'Steinham', '2019-09-13', '507-277-8088', 'asteinhamc@mysql.com', '58535 East Trail', 'United States', 'Minnesota', 'Rochester', '55905');
insert into `traveler` (id, first_name, last_name, dob, phone, email, street, country, state, city, postal_code) values (14, 'Arden', 'Meineken', '2019-07-15', '313-447-2017', 'ameinekend@senate.gov', '13613 Dottie Terrace', 'United States', 'Michigan', 'Detroit', '48295');
insert into `traveler` (id, first_name, last_name, dob, phone, email, street, country, state, city, postal_code) values (15, 'Giselbert', 'Frenchum', '2019-07-23', '617-211-2201', 'gfrenchume@narod.ru', '72 Banding Alley', 'United States', 'Massachusetts', 'Boston', '02298');
insert into `traveler` (id, first_name, last_name, dob, phone, email, street, country, state, city, postal_code) values (16, 'Barthel', 'Frere', '2019-04-28', '314-612-6339', 'bfreref@domainmarket.com', '65 Oak Lane', 'United States', 'Missouri', 'Saint Louis', '63131');
insert into `traveler` (id, first_name, last_name, dob, phone, email, street, country, state, city, postal_code) values (17, 'Lock', 'Philipson', '2019-09-10', '313-272-7665', 'lphilipsong@epa.gov', '07918 Nobel Plaza', 'United States', 'Michigan', 'Detroit', '48275');
insert into `traveler` (id, first_name, last_name, dob, phone, email, street, country, state, city, postal_code) values (18, 'Ferdy', 'Kornilov', '2019-08-20', '347-582-7719', 'fkornilovh@w3.org', '023 Mesta Way', 'United States', 'New York', 'New York City', '10004');
insert into `traveler` (id, first_name, last_name, dob, phone, email, street, country, state, city, postal_code) values (19, 'Willy', 'McGilvra', '2019-07-31', '212-814-1414', 'wmcgilvrai@plala.or.jp', '02420 Ryan Plaza', 'United States', 'New York', 'New York City', '10175');
insert into `traveler` (id, first_name, last_name, dob, phone, email, street, country, state, city, postal_code) values (20, 'Helen-elizabeth', 'Cheetham', '2019-03-10', '954-731-1366', 'hcheethamj@princeton.edu', '874 Pankratz Avenue', 'United States', 'Florida', 'West Palm Beach', '33411');
insert into `traveler` (id, first_name, last_name, dob, phone, email, street, country, state, city, postal_code) values (21, 'Yank', 'Hollindale', '2019-06-24', '347-807-3695', 'yhollindalek@nature.com', '11 Marquette Parkway', 'United States', 'New York', 'Brooklyn', '11241');
insert into `traveler` (id, first_name, last_name, dob, phone, email, street, country, state, city, postal_code) values (22, 'Pate', 'Bartusek', '2019-12-18', '415-848-0537', 'pbartusekl@gnu.org', '8 Ruskin Way', 'United States', 'California', 'San Francisco', '94132');
insert into `traveler` (id, first_name, last_name, dob, phone, email, street, country, state, city, postal_code) values (23, 'Elton', 'Harrington', '2019-09-17', '513-247-8787', 'eharringtonm@hao123.com', '63972 Morningstar Alley', 'United States', 'Ohio', 'Cincinnati', '45243');
insert into `traveler` (id, first_name, last_name, dob, phone, email, street, country, state, city, postal_code) values (24, 'Tarrance', 'Whatson', '2020-01-06', '903-868-3809', 'twhatsonn@cbc.ca', '8027 Main Plaza', 'United States', 'Texas', 'Tyler', '75799');
insert into `traveler` (id, first_name, last_name, dob, phone, email, street, country, state, city, postal_code) values (25, 'Timi', 'Bartel', '2019-11-25', '813-813-8785', 'tbartelo@weibo.com', '36498 Stuart Point', 'United States', 'Florida', 'Tampa', '33680');
insert into `traveler` (id, first_name, last_name, dob, phone, email, street, country, state, city, postal_code) values (26, 'Morgen', 'McAnalley', '2019-10-01', '212-367-7008', 'mmcanalleyp@myspace.com', '9 Crowley Trail', 'United States', 'New York', 'New York City', '10120');
insert into `traveler` (id, first_name, last_name, dob, phone, email, street, country, state, city, postal_code) values (27, 'Caresse', 'Battisson', '2020-01-07', '319-428-1683', 'cbattissonq@etsy.com', '3 Lakeland Plaza', 'United States', 'Iowa', 'Cedar Rapids', '52410');
insert into `traveler` (id, first_name, last_name, dob, phone, email, street, country, state, city, postal_code) values (28, 'Alvira', 'Nield', '2019-09-15', '415-326-6927', 'anieldr@ask.com', '51 Londonderry Parkway', 'United States', 'California', 'San Francisco', '94154');
insert into `traveler` (id, first_name, last_name, dob, phone, email, street, country, state, city, postal_code) values (29, 'Raoul', 'Vickery', '2019-03-30', '915-949-8661', 'rvickerys@netscape.com', '59545 South Street', 'United States', 'Texas', 'El Paso', '79950');
insert into `traveler` (id, first_name, last_name, dob, phone, email, street, country, state, city, postal_code) values (30, 'Maisie', 'Gilston', '2020-01-01', '915-780-9413', 'mgilstont@freewebs.com', '1113 Monument Parkway', 'United States', 'Texas', 'El Paso', '88514');

-- INSERT TRAVEL_AGENCY --
insert into `travel_agency` (id, name, phone, email, commission_rate) values (1, 'Browsetype', '148-229-1064', 'locaine0@mayoclinic.com', 30);
insert into `travel_agency` (id, name, phone, email, commission_rate) values (2, 'Skibox', '721-206-8488', 'ccoughlan1@cdbaby.com', 12);
insert into `travel_agency` (id, name, phone, email, commission_rate) values (3, 'Yakidoo', '665-529-2315', 'mkulver2@dmoz.org', 19);
insert into `travel_agency` (id, name, phone, email, commission_rate) values (4, 'Twitterwire', '361-946-7163', 'hbeamond3@dion.ne.jp', 20);
insert into `travel_agency` (id, name, phone, email, commission_rate) values (5, 'Twitterworks', '236-194-4323', 'atomaello4@dell.com', 15);
insert into `travel_agency` (id, name, phone, email, commission_rate) values (6, 'Plambee', '844-750-7999', 'ecoventon5@joomla.org', 10);
insert into `travel_agency` (id, name, phone, email, commission_rate) values (7, 'Thoughtstorm', '218-440-1533', 'llauchlan6@domainmarket.com', 15);
insert into `travel_agency` (id, name, phone, email, commission_rate) values (8, 'Innotype', '381-232-9822', 'bworsalls7@reference.com', 10);
insert into `travel_agency` (id, name, phone, email, commission_rate) values (9, 'Zoombox', '823-874-1026', 'ecords8@cpanel.net', 20);
insert into `travel_agency` (id, name, phone, email, commission_rate) values (10, 'Izio', '593-946-7192', 'roades9@printfriendly.com', 10);
insert into `travel_agency` (id, name, phone, email, commission_rate) values (11, 'Devpulse', '766-712-0296', 'lrewbottoma@google.com', 9);
insert into `travel_agency` (id, name, phone, email, commission_rate) values (12, 'Digitube', '226-967-7180', 'cseillerb@cbslocal.com', 5);
insert into `travel_agency` (id, name, phone, email, commission_rate) values (13, 'Blogtag', '630-564-1282', 'aeustesc@hhs.gov', 7);
insert into `travel_agency` (id, name, phone, email, commission_rate) values (14, 'Eidel', '251-650-4775', 'evandervliesd@domainmarket.com', 24);
insert into `travel_agency` (id, name, phone, email, commission_rate) values (15, 'Omba', '534-936-1904', 'sfiggee@abc.net.au', 10);
insert into `travel_agency` (id, name, phone, email, commission_rate) values (16, 'Jaxworks', '445-772-9598', 'severshedf@opera.com', 13);
insert into `travel_agency` (id, name, phone, email, commission_rate) values (17, 'Devcast', '386-104-7790', 'clunbechg@salon.com', 11);
insert into `travel_agency` (id, name, phone, email, commission_rate) values (18, 'Feedmix', '964-727-3411', 'hstarmonth@webmd.com', 12);
insert into `travel_agency` (id, name, phone, email, commission_rate) values (19, 'Dabshots', '683-699-7115', 'mdarlingtoni@unc.edu', 12);
insert into `travel_agency` (id, name, phone, email, commission_rate) values (20, 'Oodoo', '666-397-5184', 'scahenj@usgs.gov', 12);
insert into `travel_agency` (id, name, phone, email, commission_rate) values (21, 'Gigashots', '518-767-7406', 'gchallacek@stumbleupon.com', 13);
insert into `travel_agency` (id, name, phone, email, commission_rate) values (22, 'Voonix', '612-347-3652', 'colverl@yale.edu', 13);
insert into `travel_agency` (id, name, phone, email, commission_rate) values (23, 'Brightbean', '491-661-9874', 'jsomersettm@linkedin.com', 10);
insert into `travel_agency` (id, name, phone, email, commission_rate) values (24, 'Talane', '343-201-3066', 'gsandercockn@gnu.org', 15);
insert into `travel_agency` (id, name, phone, email, commission_rate) values (25, 'Skyble', '510-615-0013', 'pfisono@lulu.com', 10);
insert into `travel_agency` (id, name, phone, email, commission_rate) values (26, 'Fivebridge', '316-340-7846', 'kstainp@amazonaws.com', 5);
insert into `travel_agency` (id, name, phone, email, commission_rate) values (27, 'Centimia', '479-238-5183', 'aaprahamianq@smugmug.com', 7);
insert into `travel_agency` (id, name, phone, email, commission_rate) values (28, 'Snaptags', '192-863-0081', 'nclinnickr@xrea.com', 8);
insert into `travel_agency` (id, name, phone, email, commission_rate) values (29, 'Edgetag', '294-455-4774', 'jlivermores@buzzfeed.com', 9);
insert into `travel_agency` (id, name, phone, email, commission_rate) values (30, 'BlogXS', '350-827-5492', 'obriddlet@google.cn', 15);

-- INSERT USER --
insert into `user` (id, email, password, role, agency_id, first_name, last_name, dob, phone, street, country, state, city, postal_code) values (1, 'vskitteral0@shinystat.com', 'jtRQ3nKc84f', 'COUNTER', null, 'Vivien', 'Skitteral', '2019-06-16', '901-361-6928', '6997 Ryan Street', 'United States', 'Tennessee', 'Memphis', '38126');
insert into `user` (id, email, password, role, agency_id, first_name, last_name, dob, phone, street, country, state, city, postal_code) values (2, 'peouzan1@rakuten.co.jp', 'lpABjRgROnT', 'COUNTER', 6, 'Paula', 'Eouzan', '2019-10-14', '850-604-4994', '7822 Lukken Crossing', 'United States', 'Florida', 'Tallahassee', '32399');
insert into `user` (id, email, password, role, agency_id, first_name, last_name, dob, phone, street, country, state, city, postal_code) values (3, 'sscotchbourouge2@last.fm', 'BcvFclyWq', 'TRAVEL_AGENT', 20, 'Shaun', 'Scotchbourouge', '2019-04-30', '504-356-2224', '06 Mendota Way', 'United States', 'Louisiana', 'Metairie', '70033');
insert into `user` (id, email, password, role, agency_id, first_name, last_name, dob, phone, street, country, state, city, postal_code) values (4, 'ntidbury3@miibeian.gov.cn', 'zCDi8AT', 'TRAVELER', 8, 'Nikolai', 'Tidbury', '2019-02-23', '513-857-3078', '3408 4th Street', 'United States', 'Ohio', 'Cincinnati', '45254');
insert into `user` (id, email, password, role, agency_id, first_name, last_name, dob, phone, street, country, state, city, postal_code) values (5, 'aallenson4@dmoz.org', 'QkOt0H', 'TRAVEL_AGENT', null, 'Antoinette', 'Allenson', '2019-10-29', '682-912-2813', '600 Helena Court', 'United States', 'Texas', 'Fort Worth', '76198');
insert into `user` (id, email, password, role, agency_id, first_name, last_name, dob, phone, street, country, state, city, postal_code) values (6, 'rfeldhuhn5@hexun.com', 'mDFzmsd', 'COUNTER', 12, 'Randolph', 'Feldhuhn', '2019-03-05', '330-320-4442', '697 Vernon Hill', 'United States', 'Ohio', 'Akron', '44310');
insert into `user` (id, email, password, role, agency_id, first_name, last_name, dob, phone, street, country, state, city, postal_code) values (7, 'lfonzone6@facebook.com', '5jdHyHfGeNR', 'TRAVELER', 7, 'Laurie', 'Fonzone', '2020-02-15', '717-303-9320', '9 Manley Alley', 'United States', 'Pennsylvania', 'Harrisburg', '17110');
insert into `user` (id, email, password, role, agency_id, first_name, last_name, dob, phone, street, country, state, city, postal_code) values (8, 'vstowell7@google.co.jp', 'QlrEaZ', 'TRAVEL_AGENT', 6, 'Vevay', 'Stowell', '2019-05-23', '812-160-3241', '2735 Paget Hill', 'United States', 'Indiana', 'Evansville', '47737');
insert into `user` (id, email, password, role, agency_id, first_name, last_name, dob, phone, street, country, state, city, postal_code) values (9, 'shewins8@linkedin.com', 'mI9Pw8mHTIH9', 'TRAVELER', 18, 'Svend', 'Hewins', '2019-03-27', '972-850-4512', '1718 Ramsey Circle', 'United States', 'Texas', 'Dallas', '75210');
insert into `user` (id, email, password, role, agency_id, first_name, last_name, dob, phone, street, country, state, city, postal_code) values (10, 'lechalier9@washington.edu', '9Vzq4GxXm2w', 'TRAVEL_AGENT', 27, 'Lauralee', 'Echalier', '2019-06-03', '713-847-4595', '880 Rutledge Court', 'United States', 'Texas', 'Houston', '77240');
insert into `user` (id, email, password, role, agency_id, first_name, last_name, dob, phone, street, country, state, city, postal_code) values (11, 'aillinga@wisc.edu', 'RLk51FV', 'TRAVELER', null, 'Ailene', 'Illing', '2019-02-24', '954-289-3665', '840 Nova Junction', 'United States', 'Florida', 'Miami', '33180');
insert into `user` (id, email, password, role, agency_id, first_name, last_name, dob, phone, street, country, state, city, postal_code) values (12, 'croisb@sbwire.com', 'NYnkRsmxc', 'COUNTER', 27, 'Cora', 'Rois', '2019-04-13', '716-899-2682', '47 Spenser Junction', 'United States', 'New York', 'Buffalo', '14220');
insert into `user` (id, email, password, role, agency_id, first_name, last_name, dob, phone, street, country, state, city, postal_code) values (13, 'lstirmanc@yelp.com', 'gHJAKLZ', 'TRAVELER', 7, 'Lilian', 'Stirman', '2019-07-18', '323-735-5139', '0383 Tomscot Center', 'United States', 'California', 'Glendale', '91205');
insert into `user` (id, email, password, role, agency_id, first_name, last_name, dob, phone, street, country, state, city, postal_code) values (14, 'gglennond@instagram.com', '8BlatQCw', 'TRAVEL_AGENT', null, 'Guillermo', 'Glennon', '2019-10-31', '928-926-5871', '5921 Monterey Way', 'United States', 'Arizona', 'Prescott', '86305');
insert into `user` (id, email, password, role, agency_id, first_name, last_name, dob, phone, street, country, state, city, postal_code) values (15, 'cbourthoumieuxe@senate.gov', 'j0NgPFJWe', 'TRAVEL_AGENT', 9, 'Charity', 'Bourthoumieux', '2019-05-09', '915-742-6106', '9272 Vahlen Pass', 'United States', 'Texas', 'El Paso', '88574');
insert into `user` (id, email, password, role, agency_id, first_name, last_name, dob, phone, street, country, state, city, postal_code) values (16, 'kdentithf@princeton.edu', 'EiKlfS', 'COUNTER', null, 'Katee', 'Dentith', '2019-07-22', '915-642-4881', '094 Barnett Court', 'United States', 'Texas', 'El Paso', '79968');
insert into `user` (id, email, password, role, agency_id, first_name, last_name, dob, phone, street, country, state, city, postal_code) values (17, 'tmarlerg@is.gd', 'wT00gve', 'TRAVEL_AGENT', 15, 'Tabbatha', 'Marler', '2019-08-06', '303-897-0524', '20112 Golden Leaf Plaza', 'United States', 'Colorado', 'Denver', '80279');
insert into `user` (id, email, password, role, agency_id, first_name, last_name, dob, phone, street, country, state, city, postal_code) values (18, 'abattlestoneh@ca.gov', 'sgVgWjq4ab4c', 'TRAVEL_AGENT', 18, 'Arda', 'Battlestone', '2019-09-15', '405-403-4240', '5977 Reindahl Court', 'United States', 'Oklahoma', 'Oklahoma City', '73129');
insert into `user` (id, email, password, role, agency_id, first_name, last_name, dob, phone, street, country, state, city, postal_code) values (19, 'lmibournei@symantec.com', 'Jsi4OnYj9mvW', 'TRAVELER', null, 'Lexis', 'Mibourne', '2019-04-06', '209-719-7066', '36856 Huxley Pass', 'United States', 'California', 'Stockton', '95205');
insert into `user` (id, email, password, role, agency_id, first_name, last_name, dob, phone, street, country, state, city, postal_code) values (20, 'apowtonj@github.io', 'N1EN8GfhKSR0', 'COUNTER', 20, 'Auberon', 'Powton', '2019-07-27', '907-919-0148', '6552 Corben Trail', 'United States', 'Alaska', 'Anchorage', '99507');
insert into `user` (id, email, password, role, agency_id, first_name, last_name, dob, phone, street, country, state, city, postal_code) values (21, 'scraykek@yale.edu', 'XsFC0Ey', 'TRAVEL_AGENT', null, 'Sergei', 'Crayke', '2019-07-04', '415-364-2595', '3 Myrtle Lane', 'United States', 'California', 'San Francisco', '94116');
insert into `user` (id, email, password, role, agency_id, first_name, last_name, dob, phone, street, country, state, city, postal_code) values (22, 'bfrankiewiczl@cafepress.com', 'qYOyhERI', 'COUNTER', 1, 'Bowie', 'Frankiewicz', '2019-02-22', '209-463-5499', '42 Marcy Pass', 'United States', 'California', 'Stockton', '95298');
insert into `user` (id, email, password, role, agency_id, first_name, last_name, dob, phone, street, country, state, city, postal_code) values (23, 'eangellm@cdbaby.com', 'SdRc5v', 'TRAVELER', 5, 'Erinn', 'Angell', '2019-12-04', '360-180-7424', '79360 Forest Run Parkway', 'United States', 'Washington', 'Vancouver', '98682');
insert into `user` (id, email, password, role, agency_id, first_name, last_name, dob, phone, street, country, state, city, postal_code) values (24, 'jcolebournen@dedecms.com', 'HksLeE7imcIp', 'COUNTER', 29, 'Janeva', 'Colebourne', '2019-08-16', '415-888-3481', '625 Alpine Park', 'United States', 'California', 'San Francisco', '94147');
insert into `user` (id, email, password, role, agency_id, first_name, last_name, dob, phone, street, country, state, city, postal_code) values (25, 'pblacksello@soundcloud.com', '34APmBO', 'TRAVEL_AGENT', 12, 'Prinz', 'Blacksell', '2019-09-23', '267-138-1264', '963 Bartillon Place', 'United States', 'Pennsylvania', 'Bethlehem', '18018');
insert into `user` (id, email, password, role, agency_id, first_name, last_name, dob, phone, street, country, state, city, postal_code) values (26, 'egirodierp@jalbum.net', 'aJRpoUJ5h9S', 'COUNTER', null, 'Evonne', 'Girodier', '2020-02-18', '650-141-7386', '22433 Manitowish Hill', 'United States', 'California', 'Palo Alto', '94302');
insert into `user` (id, email, password, role, agency_id, first_name, last_name, dob, phone, street, country, state, city, postal_code) values (27, 'amountstephenq@seesaa.net', 'zhpwmet78', 'TRAVEL_AGENT', 19, 'Arlena', 'Mountstephen', '2019-10-10', '215-286-5738', '23370 Kennedy Hill', 'United States', 'Pennsylvania', 'Philadelphia', '19115');
insert into `user` (id, email, password, role, agency_id, first_name, last_name, dob, phone, street, country, state, city, postal_code) values (28, 'bweymontr@bigcartel.com', 'mqZv13', 'COUNTER', 10, 'Bevvy', 'Weymont', '2019-02-20', '516-680-4831', '34897 Arizona Plaza', 'United States', 'New York', 'Port Washington', '11054');
insert into `user` (id, email, password, role, agency_id, first_name, last_name, dob, phone, street, country, state, city, postal_code) values (29, 'mwillsheres@dedecms.com', 'JVbeeiGpkK22', 'TRAVEL_AGENT', null, 'Magdalena', 'Willshere', '2019-05-13', '304-850-9056', '07447 Westport Trail', 'United States', 'West Virginia', 'Huntington', '25716');
insert into `user` (id, email, password, role, agency_id, first_name, last_name, dob, phone, street, country, state, city, postal_code) values (30, 'ffirpot@wisc.edu', 'yiXRk9tQ7C', 'TRAVEL_AGENT', null, 'Fran', 'Firpo', '2019-03-12', '212-714-0044', '8 Delladonna Drive', 'United States', 'New York', 'New York City', '10079');
insert into `user` (id, email, password, role, agency_id, first_name, last_name, dob, phone, street, country, state, city, postal_code) values (31, 'ccaughteu@cbc.ca', 'a9H4KFKA6', 'COUNTER', 24, 'Cara', 'Caughte', '2019-08-27', '212-876-4073', '7 Welch Circle', 'United States', 'New York', 'New York City', '10150');
insert into `user` (id, email, password, role, agency_id, first_name, last_name, dob, phone, street, country, state, city, postal_code) values (32, 'skonerdingv@live.com', 'Q3iRDLPTh8z', 'COUNTER', 13, 'Sylvan', 'Konerding', '2019-08-27', '404-112-3370', '86896 Talisman Drive', 'United States', 'Georgia', 'Atlanta', '30358');
insert into `user` (id, email, password, role, agency_id, first_name, last_name, dob, phone, street, country, state, city, postal_code) values (33, 'hlafflinaw@sohu.com', 'ttPj87', 'COUNTER', null, 'Helaine', 'Lafflina', '2019-08-28', '415-425-4547', '4 Maryland Junction', 'United States', 'California', 'San Francisco', '94110');
insert into `user` (id, email, password, role, agency_id, first_name, last_name, dob, phone, street, country, state, city, postal_code) values (34, 'amcgunleyx@blogtalkradio.com', 'OaLCaErRa', 'TRAVEL_AGENT', 25, 'Allison', 'McGunley', '2019-12-22', '419-906-8002', '121 Dayton Avenue', 'United States', 'Ohio', 'Lima', '45807');
insert into `user` (id, email, password, role, agency_id, first_name, last_name, dob, phone, street, country, state, city, postal_code) values (35, 'emonkhousey@ibm.com', 'SDjsBGYj', 'TRAVEL_AGENT', null, 'Eric', 'Monkhouse', '2019-12-05', '202-859-6800', '82486 Sugar Road', 'United States', 'District of Columbia', 'Washington', '20508');
insert into `user` (id, email, password, role, agency_id, first_name, last_name, dob, phone, street, country, state, city, postal_code) values (36, 'leannettaz@latimes.com', 'RMgHYF', 'TRAVEL_AGENT', 14, 'Levey', 'Eannetta', '2019-08-31', '912-359-6941', '83466 Pennsylvania Park', 'United States', 'Georgia', 'Savannah', '31405');
insert into `user` (id, email, password, role, agency_id, first_name, last_name, dob, phone, street, country, state, city, postal_code) values (37, 'smingay10@merriam-webster.com', 'rApnm8rrIsqS', 'COUNTER', 1, 'Shelba', 'Mingay', '2019-07-23', '214-413-4441', '615 Gina Trail', 'United States', 'Texas', 'Dallas', '75392');
insert into `user` (id, email, password, role, agency_id, first_name, last_name, dob, phone, street, country, state, city, postal_code) values (38, 'dvian11@rediff.com', 'IWduTmKy', 'TRAVELER', 16, 'Dud', 'Vian', '2019-12-27', '713-178-3197', '4724 Nova Park', 'United States', 'Texas', 'Houston', '77288');
insert into `user` (id, email, password, role, agency_id, first_name, last_name, dob, phone, street, country, state, city, postal_code) values (39, 'mretallack12@instagram.com', 'RoqW3yY01A', 'COUNTER', 15, 'Margareta', 'Retallack', '2019-09-14', '917-266-9883', '65874 Sundown Point', 'United States', 'New York', 'New York City', '10014');
insert into `user` (id, email, password, role, agency_id, first_name, last_name, dob, phone, street, country, state, city, postal_code) values (40, 'adelea13@bing.com', '9kl9Y1HaAp7', 'TRAVELER', 13, 'Andy', 'Delea', '2020-01-10', '571-691-0863', '73 Northview Street', 'United States', 'Virginia', 'Dulles', '20189');
insert into `user` (id, email, password, role, agency_id, first_name, last_name, dob, phone, street, country, state, city, postal_code) values (41, 'gbrito14@webnode.com', '2LJuKv', 'COUNTER', 24, 'Grissel', 'Brito', '2020-02-08', '830-180-6167', '6 Springs Terrace', 'United States', 'Texas', 'San Antonio', '78255');
insert into `user` (id, email, password, role, agency_id, first_name, last_name, dob, phone, street, country, state, city, postal_code) values (42, 'odaye15@nbcnews.com', 'LuBuCe', 'TRAVEL_AGENT', 22, 'Orelee', 'Daye', '2019-08-14', '801-631-8428', '2 Grayhawk Circle', 'United States', 'Utah', 'Salt Lake City', '84189');
insert into `user` (id, email, password, role, agency_id, first_name, last_name, dob, phone, street, country, state, city, postal_code) values (43, 'kvoden16@slideshare.net', 'fpXzQBksIk', 'COUNTER', 27, 'Kala', 'Voden', '2020-01-16', '240-231-5262', '05683 Northridge Trail', 'United States', 'Maryland', 'Hagerstown', '21747');
insert into `user` (id, email, password, role, agency_id, first_name, last_name, dob, phone, street, country, state, city, postal_code) values (44, 'jleisman17@mail.ru', 'be6aby3HT', 'TRAVELER', 17, 'James', 'Leisman', '2019-11-11', '916-909-1794', '2433 Eastwood Parkway', 'United States', 'California', 'Sacramento', '94245');
insert into `user` (id, email, password, role, agency_id, first_name, last_name, dob, phone, street, country, state, city, postal_code) values (45, 'lcrammy18@youtu.be', 'DDXJre', 'TRAVELER', 26, 'Lonnie', 'Crammy', '2019-12-04', '210-467-7909', '31239 Sloan Terrace', 'United States', 'Texas', 'San Antonio', '78225');

-- `itinerary` --
insert into `itinerary`(id, traveler_id, user_id, agency_id, price_total) values (1, 25, 1, 1, 418);
insert into `itinerary`(id, traveler_id, user_id, agency_id, price_total) values (2, 18, 2, 2, 331);
insert into `itinerary`(id, traveler_id, user_id, agency_id, price_total) values (3, 18, 3, 3, 273);
insert into `itinerary`(id, traveler_id, user_id, agency_id, price_total) values (4, 20, 4, null, 162);
insert into `itinerary`(id, traveler_id, user_id, agency_id, price_total) values (5, 13, 5, null, 124);
insert into `itinerary`(id, traveler_id, user_id, agency_id, price_total) values (6, 22, 6, 6, 529);
insert into `itinerary`(id, traveler_id, user_id, agency_id, price_total) values (7, 6, 7, null, 188);
insert into `itinerary`(id, traveler_id, user_id, agency_id, price_total) values (8, 25, 8, 8, 525);
insert into `itinerary`(id, traveler_id, user_id, agency_id, price_total) values (9, 23, 9, 9, 478);
insert into `itinerary`(id, traveler_id, user_id, agency_id, price_total) values (10, 27, 10, 10, 182);
insert into `itinerary`(id, traveler_id, user_id, agency_id, price_total) values (11, 29, 11, 11, 294);
insert into `itinerary`(id, traveler_id, user_id, agency_id, price_total) values (12, 22, 12, 12, 491);
insert into `itinerary`(id, traveler_id, user_id, agency_id, price_total) values (13, 20, 13, null, 176);
insert into `itinerary`(id, traveler_id, user_id, agency_id, price_total) values (14, 19, 14, 14, 524);
insert into `itinerary`(id, traveler_id, user_id, agency_id, price_total) values (15, 28, 15, null, 181);
insert into `itinerary`(id, traveler_id, user_id, agency_id, price_total) values (16, 11, 16, 16, 111);
insert into `itinerary`(id, traveler_id, user_id, agency_id, price_total) values (17, 17, 17, null, 333);
insert into `itinerary`(id, traveler_id, user_id, agency_id, price_total) values (18, 2, 18, null, 567);
insert into `itinerary`(id, traveler_id, user_id, agency_id, price_total) values (19, 25, 19, null, 299);
insert into `itinerary`(id, traveler_id, user_id, agency_id, price_total) values (20, 10, 20, null, 274);
insert into `itinerary`(id, traveler_id, user_id, agency_id, price_total) values (21, 9, 21, 21, 374);
insert into `itinerary`(id, traveler_id, user_id, agency_id, price_total) values (22, 14, 22, null, 441);
insert into `itinerary`(id, traveler_id, user_id, agency_id, price_total) values (23, 30, 23, null, 576);
insert into `itinerary`(id, traveler_id, user_id, agency_id, price_total) values (24, 3, 24, 24, 501);
insert into `itinerary`(id, traveler_id, user_id, agency_id, price_total) values (25, 12, 25, null, 123);
insert into `itinerary`(id, traveler_id, user_id, agency_id, price_total) values (26, 13, 26, 26, 359);
insert into `itinerary`(id, traveler_id, user_id, agency_id, price_total) values (27, 27, 27, 27, 107);
insert into `itinerary`(id, traveler_id, user_id, agency_id, price_total) values (28, 7, 28, null, 276);
insert into `itinerary`(id, traveler_id, user_id, agency_id, price_total) values (29, 26, 29, 29, 516);
insert into `itinerary`(id, traveler_id, user_id, agency_id, price_total) values (30, 24, 30, null, 474);

-- INSERT `ticket`--
insert into `ticket`(id, flight_number, itinerary_id, status, seat_number) values (1, 6, 1, 'CANCELLED', 'G0');
insert into `ticket`(id, flight_number, itinerary_id, status, seat_number) values (2, 30, 2, 'ACTIVE', 'W9');
insert into `ticket`(id, flight_number, itinerary_id, status, seat_number) values (3, 6, 3, 'CANCELLED', 'G1');
insert into `ticket`(id, flight_number, itinerary_id, status, seat_number) values (4, 28, 4, 'COMPLETE', 'B4');
insert into `ticket`(id, flight_number, itinerary_id, status, seat_number) values (5, 11, 5, 'CANCELLED', 'M7');
insert into `ticket`(id, flight_number, itinerary_id, status, seat_number) values (6, 8, 6, 'CANCELLED', 'G3');
insert into `ticket`(id, flight_number, itinerary_id, status, seat_number) values (7, 10, 7, 'CANCELLED', 'K9');
insert into `ticket`(id, flight_number, itinerary_id, status, seat_number) values (8, 10, 8, 'ACTIVE', 'F1');
insert into `ticket`(id, flight_number, itinerary_id, status, seat_number) values (9, 10, 9, 'CANCELLED', 'W3');
insert into `ticket`(id, flight_number, itinerary_id, status, seat_number) values (10, 19, 10, 'ACTIVE', 'Y7');
insert into `ticket`(id, flight_number, itinerary_id, status, seat_number) values (11, 24, 11, 'COMPLETE', 'W0');
insert into `ticket`(id, flight_number, itinerary_id, status, seat_number) values (12, 30, 12, 'CANCELLED', 'U8');
insert into `ticket`(id, flight_number, itinerary_id, status, seat_number) values (13, 4, 13, 'CANCELLED', 'O7');
insert into `ticket`(id, flight_number, itinerary_id, status, seat_number) values (14, 22, 14, 'CANCELLED', 'W3');
insert into `ticket`(id, flight_number, itinerary_id, status, seat_number) values (15, 3, 15, 'COMPLETE', 'V4');
insert into `ticket`(id, flight_number, itinerary_id, status, seat_number) values (16, 4, 16, 'CANCELLED', 'J7');
insert into `ticket`(id, flight_number, itinerary_id, status, seat_number) values (17, 19, 17, 'COMPLETE', 'V6');
insert into `ticket`(id, flight_number, itinerary_id, status, seat_number) values (18, 14, 18, 'CANCELLED', 'X6');
insert into `ticket`(id, flight_number, itinerary_id, status, seat_number) values (19, 17, 19, 'COMPLETE', 'R9');
insert into `ticket`(id, flight_number, itinerary_id, status, seat_number) values (20, 16, 20, 'ACTIVE', 'F7');
insert into `ticket`(id, flight_number, itinerary_id, status, seat_number) values (21, 5, 21, 'CANCELLED', 'E8');
insert into `ticket`(id, flight_number, itinerary_id, status, seat_number) values (22, 7, 22, 'CANCELLED', 'I0');
insert into `ticket`(id, flight_number, itinerary_id, status, seat_number) values (23, 3, 23, 'ACTIVE', 'U7');
insert into `ticket`(id, flight_number, itinerary_id, status, seat_number) values (24, 13, 24, 'CANCELLED', 'B9');
insert into `ticket`(id, flight_number, itinerary_id, status, seat_number) values (25, 15, 25, 'COMPLETE', 'X8');
insert into `ticket`(id, flight_number, itinerary_id, status, seat_number) values (26, 14, 26, 'CANCELLED', 'H8');
insert into `ticket`(id, flight_number, itinerary_id, status, seat_number) values (27, 21, 27, 'COMPLETE', 'E9');
insert into `ticket`(id, flight_number, itinerary_id, status, seat_number) values (28, 24, 28, 'ACTIVE', 'M8');
insert into `ticket`(id, flight_number, itinerary_id, status, seat_number) values (29, 22, 29, 'CANCELLED', 'E3');
insert into `ticket`(id, flight_number, itinerary_id, status, seat_number) values (30, 7, 30, 'ACTIVE', 'H6');

-- INSERT BOARDING PASS --
insert into `boarding_pass`(id, ticket_id, gate_number, terminal_number) values (1, 1, 'P8', 'Q2');
insert into `boarding_pass`(id, ticket_id, gate_number, terminal_number) values (2, 2, 'A9', 'E6');
insert into `boarding_pass`(id, ticket_id, gate_number, terminal_number) values (3, 3, 'J7', 'H2');
insert into `boarding_pass`(id, ticket_id, gate_number, terminal_number) values (4, 4, 'L7', 'Y9');
insert into `boarding_pass`(id, ticket_id, gate_number, terminal_number) values (5, 5, 'S0', 'M6');
insert into `boarding_pass`(id, ticket_id, gate_number, terminal_number) values (6, 6, 'G2', 'W1');
insert into `boarding_pass`(id, ticket_id, gate_number, terminal_number) values (7, 7, 'Y1', 'X2');
insert into `boarding_pass`(id, ticket_id, gate_number, terminal_number) values (8, 8, 'E1', 'C1');
insert into `boarding_pass`(id, ticket_id, gate_number, terminal_number) values (9, 9, 'V0', 'Z2');
insert into `boarding_pass`(id, ticket_id, gate_number, terminal_number) values (10, 10, 'N5', 'X8');
insert into `boarding_pass`(id, ticket_id, gate_number, terminal_number) values (11, 11, 'R7', 'B0');
insert into `boarding_pass`(id, ticket_id, gate_number, terminal_number) values (12, 12, 'Z4', 'W9');
insert into `boarding_pass`(id, ticket_id, gate_number, terminal_number) values (13, 13, 'C8', 'L5');
insert into `boarding_pass`(id, ticket_id, gate_number, terminal_number) values (14, 14, 'G0', 'J4');
insert into `boarding_pass`(id, ticket_id, gate_number, terminal_number) values (15, 15, 'Z5', 'I5');
insert into `boarding_pass`(id, ticket_id, gate_number, terminal_number) values (16, 16, 'L1', 'O0');
insert into `boarding_pass`(id, ticket_id, gate_number, terminal_number) values (17, 17, 'Z5', 'A8');
insert into `boarding_pass`(id, ticket_id, gate_number, terminal_number) values (18, 18, 'T6', 'G6');
insert into `boarding_pass`(id, ticket_id, gate_number, terminal_number) values (19, 19, 'F9', 'I2');
insert into `boarding_pass`(id, ticket_id, gate_number, terminal_number) values (20, 20, 'U9', 'S0');
insert into `boarding_pass`(id, ticket_id, gate_number, terminal_number) values (21, 21, 'H8', 'G0');
insert into `boarding_pass`(id, ticket_id, gate_number, terminal_number) values (22, 22, 'W6', 'J3');
insert into `boarding_pass`(id, ticket_id, gate_number, terminal_number) values (23, 23, 'U6', 'N1');
insert into `boarding_pass`(id, ticket_id, gate_number, terminal_number) values (24, 24, 'K2', 'K9');
insert into `boarding_pass`(id, ticket_id, gate_number, terminal_number) values (25, 25, 'F1', 'M1');
insert into `boarding_pass`(id, ticket_id, gate_number, terminal_number) values (26, 26, 'I8', 'H8');
insert into `boarding_pass`(id, ticket_id, gate_number, terminal_number) values (27, 27, 'T8', 'F0');
insert into `boarding_pass`(id, ticket_id, gate_number, terminal_number) values (28, 28, 'W5', 'S1');
insert into `boarding_pass`(id, ticket_id, gate_number, terminal_number) values (29, 29, 'Z8', 'E5');
insert into `boarding_pass`(id, ticket_id, gate_number, terminal_number) values (30, 30, 'R0', 'X0');
